HashID|Product|SKU|Brand|MPN
00-7-2-7|FINDER RELAY 8 PIN 250V 8A, FINDER, 40.52, RS, 40.52|PRX-HOIST005|FINDER|40.52
00-7-8-7|SKF BEARING 6216-2RS 6216-2RS1:SKF|805688|SKF|6216-2RS1:SKF
00-E-9-B|REISER PUSH BUTTON GREEN ARROW 071.099.174 071.099.174|PAJ-79479|REISER|071.099.174
00-8-D-1|SIEMENS auxilary  contactor 3ty7561-1ka00 3TY7561-1KA00|GBO-025-213|SIEMENS|3TY7561-1KA00
00-C-0-1|COOPER BUSSMANN FUSE 2AMP (T) 20MM ANTISURGE LBC S506-2-R|PKJ-P2396|COOPER BUSSMANN|S506-2-R
00-5-3-2|DURHAM BOX CO LTD BOX202052 1020X915 PAD BOX202052|PCH-10192563|DURHAM BOX CO LTD|BOX202052
00-8-0-9|ARCO SHOES ANTISTATIC SAFETY SIZE 6 BLACK ARC 663406|PCH-10192140|ARCO|663406
ALL-7-A-2|FESTO FESTO CYLINDER 63-80-PPVA-N3 .DSBC-63-80-PPVA-N3|PHA-PNE-08405|FESTO|.DSBC-63-80-PPVA-N3
140004-4-4-A|SKF BEARING 6208-2RS1/C3 BEARING 6208-2RS1/C 6208-2RS1/C3|P74-POW-01620|SKF|6208-2RS1/C3
00-9-E-C|GAS STRUT ENGINEERING GAS STRUT 3075AA-200N GAS STRUT 3075AA-2 3075AA-200N|P74-GAS-00270|GAS STRUT ENGINEERING|3075AA-200N
00-0-A-0|VAL002 K5 BEARIGN INNER RACE LR 80-90-35 EGS 200863G|22-865329|VAL002|200863G
00-9-D-4|STANLEY WRENCH ADJUSTABLE 150MM LG ROEBUCK 81135 STA087366|PCH-10187856|STANLEY|STA087366
00-A-4-6|LMI REPAIR KIT FOR DOSING PUMP IN EFF PLANT SP-U6|PRX-EFFL118|LMI|SP-U6
00-F-6-1|SPIRAX SARCO LEVEL CONTROLLER DUEL VOLTAGE 110/230V S LC1350|PD4-ELE-36010|SPIRAX SARCO|LC1350
00-3-1-6|BOBST UK & IRELAND LTD MARTIN DOCTOR BLADE END SEALS 0399-4012 0399 4012|CSA-15140329|BOBST UK & IRELAND LTD|0399 4012
ALL-D-A-8|ISHIDA PULLEY TIMIMING :3GT / 51-5041-22 084-0480|PKJ-P2377|ISHIDA|084-0480
00-B-7-B|LEGRIS 3175 08 13 , 3175 08 13 3175 08 13|PFO-10000251|LEGRIS|3175 08 13
00-8-9-E|ASCO JOUCOMATIC JOUCOMATIC SPOOL VALVE   AIR O 54202017|CPJ-78-41-54-050|ASCO JOUCOMATIC|54202017
140004-3-C-1|IFM SENSOR-EFECTOR OU5034OUT-HPKG/US  55VDC OU5034|NF132976|IFM|OU5034
00-4-F-C|SWP WP17 1.6mm collet 10N23|CBS-VMI101482|SWP|10N23
00-A-F-A|SCHRADER REPAIR KIT SCHRADER 50002-R 50002-R|GRGS003696|SCHRADER|50002-R
00-B-6-1|ROEBUCK DRILL 5.MM DRILL 5.MM ROEBUCK ROEBUCK-02 ROEBUCK-023716|P74-HAN-00290|ROEBUCK|ROEBUCK-023716
00-2-B-8|SCHAFFLER NEEDLE BEARING NATV25P INA NATV25PP|CKE-013197|SCHAFFLER|NATV25PP
00-A-8-A|LUBETECHINDUSTRIES SHEET OPH4843 40X43X1CM OIL WAS OB100 21-1049|CKE-014577|LUBETECHINDUSTRIES|21-1049
00-C-1-E|BOSCH REXROTH SEALING STRIP S8411-037-04/L=2520MM R341103704|CKE-008689|BOSCH REXROTH|R341103704
ALL-4-E-A|INTRALOX SERIES 800 196MM METAL SPROCKET INT022|PKJ-P5650|INTRALOX|INT022
ALL-F-0-5|SMC 10MM PUSH IN CONNECTOR RS 771 5188 KQ2H10-U02A|PKJ-P4384|SMC|KQ2H10-U02A
00-D-B-8|BECKHOFF PUSH BUTTON GREEN ROUND PROTECTING CAP 103085|CAZ-SG71735|BECKHOFF|103085
00-2-9-E|ALLEN BRADLEY Minature Circuit Breaker, 1 pole 1492-SP1D040|CMC-155362|ALLEN BRADLEY|1492-SP1D040
00-B-1-A|INDUSTRIAL DEVICES UK LTD ACTUATOR;ELEC,C/W 3 LIMIT SWITCHES N2D1208A18MP2FC2PB3RPSZ|CTS-91306243|INDUSTRIAL DEVICES UK LTD|N2D1208A18MP2FC2PB3RPSZ
00-7-9-E|F4P FUSE 3.15AMP 32MM L TIME DELAY KDC3A|CNM-4005980|F4P|KDC3A
00-8-3-1|POWDER PROCESS TECHNOLOGY LTD FEEDER;OUTLET,FLEXI,DEM VIBRO FEED ASSY MODEL 600900|CTS-91306972|POWDER PROCESS TECHNOLOGY LTD|MODEL 600900
00-B-D-5|NULL V-RING V-120A VA-120 VA-120|CAZ-SG66665|NULL|VA-120
00-C-C-7|KENNEDY 6inch FLAT SECOND CUT FILE KEN0302120K|CMC-157870|KENNEDY|KEN0302120K
00-F-1-8|LAPP CABLE-GLAND LAPP CABLE 52104454 NICKEL P 10063955|CT5-80009333|LAPP|10063955
00-1-1-D|PAPER CONVERTING MACHINE LTD VACUUM GAUGE P/N 104504-001 104504-001|GB92-N45051|PAPER CONVERTING MACHINE LTD|104504-001
ALL-7-4-6|MEYN Lamp Vision Grading PLL 55W/84 89.4140.904.0282|PH6-ENG-NO-100130|MEYN|89.4140.904.0282
00-D-F-5|OMRON 8-PIN 24VDC RELAY G2R-2-SN 24VDC|PH6-NEW-EL-0088|OMRON|G2R-2-SN 24VDC
00-9-6-B|MIDLAND FUSE,2A,PLUG,TOP PTF02|PHS-SC40368|MIDLAND|PTF02
00-0-F-8|EUROPHARMA BEARING,DEEP,GROOVE,BALL,3756807 FE3756807|PHS-SD09827|EUROPHARMA|FE3756807
00-9-8-C|COOPER BUSSMANN FUSE MAINS 7AMP 412-582 C180-7|CKE-010488|COOPER BUSSMANN|C180-7
00-6-5-B|SIEMENS RACK UNIT 6ES5.700.1LA11 6ES5700-1LA11|CKE-010645|SIEMENS|6ES5700-1LA11
00-3-A-F|SEW GEARBOX 60/1400RPM SEW SA57/T AD2 SA57/T AD2|P74-MOT-02186|SEW|SA57/T AD2
140004-6-1-3|NORDSON HOSE BLUE SERIES 5/16 X 4FT 240V HOSE BL 274791|P74-OEM-00240|NORDSON|274791
ALL-F-F-6|AFC LARGE 0-RING OR27X5NI70 DEPOSITOR RM0270-50|PHA-SEA-00433|AFC|RM0270-50
00-3-A-A|MECRO 5/8S-19T-TL SPROCKET 51-19-1610|PHA-POW-02300|MECRO|51-19-1610
00-1-8-B|EMERSON PROCESS MICROMOTION FLOWMETER F025S F025S121CCANEZZZZ+1700I17AEMEZ|CKE-083996|EMERSON PROCESS|F025S121CCANEZZZZ+1700I17AEMEZ
00-7-9-6|MOLY GREASE SILICONE 494-124 MOLY-44MX100GRM|CKE-016407|MOLY|MOLY-44MX100GRM
00-1-B-C|TELEMECANIQUE L.E.D. BLUE ZB4BVB6 TELEMECANIQUE ZB4BVB6|CKE-011240|TELEMECANIQUE|ZB4BVB6
140004-A-2-8|PILZ PILZ PSEN Optoelectronic sensor 630298 630298|NF816970|PILZ|630298
00-7-A-E|PROSEAL UK LTD HP151-HR078 FORMED HOT ROD HP151-HR078 FORMED HOT ROD|PKT-ENG-02334|PROSEAL UK LTD|HP151-HR078 FORMED HOT ROD
00-7-D-C|Honeywell Control Systems HONEYWELL LIMIT SWITCH GLAC20C RS1868166 GLAC20C|P87-ELE-14280|Honeywell Control Systems|GLAC20C
00-5-D-6|KRONES UK HEATING CARTRIDGE 7-611-00-002-6 7-611-00-002-6|CCA-1547130|KRONES UK|7-611-00-002-6
00-B-7-4|GPI SPROCKET41IDLER17 200443 200443|CCA-1533364|GPI|200443
00-1-A-8|THK LINEAR BEARING BLOCK THK 5G26 SR30W1 SR30|CCA-1530735|THK|SR30
ALL-F-8-3|MEYN POULTRY CARRIER PLATE 0990.OH49.019.38|PKS-000850|MEYN POULTRY|0990.OH49.019.38
00-A-2-2|ETI FUSE BOTTLE 35A 50 413743|PKS-001339|ETI|413743
00-6-8-A|PHILIPS LAMP 16W 4 PIN PL-Q16W/835/4P|PKS-001444|PHILIPS|PL-Q16W/835/4P
00-7-6-1|BOURNS Bourns counting dial CT-26-6A F1073849|NF816413|BOURNS|F1073849
00-6-0-A|PTSM PLATE PLATE PLATE FLYWHEEL HOUSING PRESS 2D2472|PCH-10201363|PTSM|2D2472
00-4-C-0|DWE HYDRAULICS End Plate Kit NEV-2DA/DB-150|PKM-1007522|DWE HYDRAULICS|NEV-2DA/DB-150
00-E-B-0|KRONES DEAD SEGMENT 1-800-24-766-2 1800247662|CCA-1546346|KRONES|1800247662
00-C-1-B|SMC FILTER SCMAF400004D AF4000-04|CCA-1527075|SMC|AF4000-04
ALL-F-A-E|TURBO SYSTEMS LTD. CLEVIS MR100/4/B MS 101281-R1|PAJ-36691|TURBO SYSTEMS LTD.|MS 101281-R1
00-3-2-8|SCHNEIDER TELEMEC BEACON,LED,RED XVB C2B4 XVB C2B4|CCA-1528891|SCHNEIDER|XVB C2B4
00-1-E-A|SCHNEIDER RELAY CA2 DN31 F7 TELEMEC CAD32F7|CCA-1546984|SCHNEIDER|CAD32F7
00-6-D-E|MTE CONTACT BANK 01/002/0 (4 NORM OPEN) UC05|CCA-1528607|MTE|UC05
00-4-E-F|SMC CHAIN LINK SIMPLEX 12B-1SD CL26 RENOLD SMC-TU1065W-20|PKP-000001291|SMC|SMC-TU1065W-20
00-9-3-C|GLASTON SPROCKET JOCKEY ASSEMBLY TRIPLEX 3/8 ZP4N890N00|7431511|GLASTON|ZP4N890N00
00-3-F-1|TELEMECANIQUE PUSH BUTTON: E STOP 22MM BODY 60MM ZB4BS964|CJL-76124862|TELEMECANIQUE|ZB4BS964
00-8-2-E|V INSTALLATIONS # DRIVE MOTOR R97 DRE90M4BE2HR/TF|CJL-77050070|V INSTALLATIONS|R97 DRE90M4BE2HR/TF
ALL-0-0-3|TUNKERS PIVOT ADJUSTMENT KS 100.2 BD A03 LH T12 90 DEG|CJL-76630210|TUNKERS|KS 100.2 BD A03 LH T12 90 DEG
00-6-E-F|AIMS PIN: PIN LOCATION 20MM AIMS 98506 P1062 98506 P1062|PGM-31141368|AIMS|98506 P1062
00-E-A-F|DALMEC ONE DIRECTION SAFETY VALVE 3U 00.79.0031 00.79.0031|CJL-76617165|DALMEC|00.79.0031
00-4-3-B|BOTTERO UK LTD FLANGE SHAFT SUPPORT FOR BOTTOM PULLEY GF703-1048|7425921|BOTTERO UK LTD|GF703-1048
ALL-4-E-C|KUKA PIN X260_GR061_140_21_TR_U102T_002|CJL-77272941|KUKA|X260_GR061_140_21_TR_U102T_002
NOZZLE-E-E-2|WYKO NOZZLE: SCA NOZZLE IN MILD STEEL 50MM N/A|PGM-49106912|WYKO|N/A
00-9-8-A|SIEMENS NH FUSE LINK 63A, SIZE-000    SIEMENS: 3NA3822|CJL-76122029|SIEMENS|3NA3822
ALL-9-D-C|SEW CABLE: MOTOR CABLE EXTENSION SM11/71/81, 13332457/12.0|CJL-76144929|SEW|13332457/12.0
00-5-9-D|CARRTECH PALLET CURTAIN 1480W X 1240 DROP CEP010|CJL-88000558|CARRTECH|CEP010
ALL-7-2-0|KLUBER LUBRICATION KLUBERPLEX BE 31-222 125ml CARTRIDGE 1003600313|CJL-82000003|KLUBER LUBRICATION|1003600313
FITTING-E-1-6|CEJN FITTING: 1/4Inch BSPT MALE THREAD NIPPLE 103425152|CJL-76618264|CEJN|103425152
00-A-2-9|ELECTROWIND Panel type transformer 400/110VAC 1500VA 400/110VAC 1500VA|CJL-76122056|ELECTROWIND|400/110VAC 1500VA
ALL-2-4-D|HENROB REGULATOR BRACKET M5819|CJL-77273862|HENROB|M5819
00-6-8-4|WALTHER PARKING STATION HEAD 95813-9-JLR25-AAAA-Z04 _ 14047|CJL-77273919|WALTHER|95813-9-JLR25-AAAA-Z04 _ 14047
00-0-2-D|SCA SCHUCKER SEALING: SEALING SET KPL/AD3 190-4 SCA 319.0176|PGM-49100926|SCA SCHUCKER|319.0176
00-B-2-0|KPI ELEVATOR DRIVE SHAFT C1999-28|CJL-77053333|KPI|C1999-28
00-E-D-1|S SWITCH REED SMC D-A93MAPC|CMC-172613|S|D-A93MAPC
00-0-E-8|SCHNEIDER CONNECTOR STRIP 30A CCPCS30 CS30NT|CMC-110234|SCHNEIDER|CS30NT
00-7-B-8|MENNK GEWISS 4PIN 3P+E 32A 220-250V BLUE MENNK 525 AMTOP CONN 4P IP44 3|PGV-ELE-11840|MENNK|MENNK 525 AMTOP CONN 4P IP44 3
ALL-2-F-2|HARTING SAFE EDGE CONNECTOR MALE R033 R033|CJL-76144203|HARTING|R033
00-E-5-1|ASSOCIATED SPRING SPRING CO600-049-1000M CO600-049-1000M|CJL-76122281|ASSOCIATED SPRING|CO600-049-1000M
00-A-9-1|HABASIT (GB) LTD. Belt Endless Finger Joint 2P120/GP TT12UEMBWHITE 1M040 X 440 ELF|CPR-8037550|HABASIT (GB) LTD.|TT12UEMBWHITE 1M040 X 440 ELF
00-9-1-0|ABB COVER END  11836816 11836816|PCG-NP986235|ABB|11836816
00-3-0-8|SKF Bearing 1205 EKTN9 1205 EKTN9|PHT-FAS-06685|SKF|1205 EKTN9
00-E-9-C|RS COMPONENTS Sy3140-5lou-q Pneumatic solinoid SMC 494-3210|PH8-10002335|RS COMPONENTS|494-3210
ALL-0-E-C|JUBILEE 80-100MM JCS HI-GRIP S/S JUBILEE CLIP CLIP-HT100-SS304|PH8-10000743|JUBILEE|CLIP-HT100-SS304
00-9-5-D|ATLAS COPCO # PIN: PIN ATLAS COPCO 4090 0741 00 4090 0741 00|PGM-00010557|ATLAS COPCO|4090 0741 00
00-7-6-A|A&K SERVICES COALESING FILTER 342-04-140|CJL-76630692|A&K SERVICES|342-04-140
00-0-8-F|BOBST ROLLER TENSION ROD M10X250MM 0(ALP-M068) 0322 1070 00|PK3-000001885|BOBST|0322 1070 00
00-A-A-0|MAN ROLAND RING 005B421830 MAN ROLAND   O(PRI-5469) 005B421830|PK3-000003001|MAN ROLAND|005B421830
00-A-5-E|AASTED Water Heater Exchanger AMK 1000P 408862|PJ7-ELE-7705|AASTED|408862
ALL-8-6-A|ARO AXLE ARO 49452 49452|CJL-76409315|ARO|49452
ENCLOSURE-B-F-9|KLOCKNER MOELLER # ENCLOSURE: ENCLOSURE TO SUIT 9 POLE CI123E150|PGM-4819872A|KLOCKNER MOELLER|CI123E150
00-5-3-5|SPIRAX SARCO BALL FLOAT AND LEVER FOR DN40 FT47 628085|5680-002.18.353|SPIRAX SARCO|628085
00-A-E-F|PARKER 3/2 SOLENOIDS PARKER 8L301-102 720237|5925-04146|PARKER|720237
00-7-9-3|SIEMENS DIGITAL INP.M.ET 200SP, STD, DI 16X24VD 6ES7131-6BH00-0BA0|CAZ-SV70006470|SIEMENS|6ES7131-6BH00-0BA0
00-2-4-E|SKF BELT V SPA 982 SPA982 SKF|406135|SKF|SPA982 SKF
00-F-1-8|BHS SLIDE BLOCK REP398 MACHCODE=REP398 C=REP [MACHCODE=REP398][C=REP398]|5680-002.20.041|BHS|[MACHCODE=REP398][C=REP398]
MECHANICAL-4-7-1|BHS BUMOER 132-022-360 RUBBER MACHCODE=132-0 [MACHCODE=132-022-360][C=13202|5680-002.20.067|BHS|[MACHCODE=132-022-360][C=13202
00-E-B-B|JACOB WHITE SPROCKET 24T JACOB WHITE ASS INNER SAR 1|CPR-8021211|JACOB WHITE|SAR 1
00-F-8-C|SICK ENCODER, ABSOLUTE, SICK, ATM60-A1A12x12 ATM60-A1A12X12|PS5-2351931|SICK|ATM60-A1A12X12
00-B-F-9|TKSY PIN TKSY NK002586 NK002586|CJL-96011795|TKSY|NK002586
00-4-F-E|CRANE FLUID SYSTEMS NIPPLE 3/4in BSP GALVANISED FIG 144 HEXA 144G|GB92-B56160|CRANE FLUID SYSTEMS|144G
MECHANICAL-C-D-5|BHS HYDRAULIC CYLINDER NM41087448/D3LGL14M-D [MAKECODE=NM41087448/D3LGL14M-|5680-002.11.070|BHS|[MAKECODE=NM41087448/D3LGL14M-
00-3-0-C|SMC LUBRICATOR SET PRESS 0.05-0.85MPa, SMC, AL30-F03-A|PRX-HELL074|SMC|AL30-F03-A
00-E-D-C|RAPIDAIRE CLOSING DEVICE CONTROL BOWL , HELLEVAC, 3020|PRX-HELL064|RAPIDAIRE|3020
00-9-7-F|SCHNEIDER LIGHT BLOCK 24-120V LED WHITE SC ZBV-BG1|GRGS017413|SCHNEIDER|ZBV-BG1
00-2-7-5|SCHNEIDER CONTACT BLOCK 1NO SPRING TERMINA ZBE-1015|GRGS017415|SCHNEIDER|ZBE-1015
00-8-C-B|KROM SCHRODER GAS SOLENOID VALVE 24VDC 500MBAR KROM SC VAS125R/NK|PD4-ELE-41110|KROM SCHRODER|VAS125R/NK
00-0-A-8|NEWLEC GROMMET TET 7-10 NLGROM1N|CST-C0548/0501|NEWLEC|NLGROM1N
00-F-0-E|OMRON RELAY 8 PIN ROUND 24VAC DPCO MK S2PINAC110|GRGS001965|OMRON|MK S2PINAC110
00-2-4-F|FLEXIBLE CONNECTIONS 1041826B JACK SCREW LEFT CORNFLOWER|CPR-2002677|FLEXIBLE CONNECTIONS|CORNFLOWER
00-1-0-6|NEWLEC RCD PLUG 13A NLRA1330A|GRGS028257|NEWLEC|NLRA1330A
ALL-7-F-8|BOC OXYGEN BOTTLE SMALL (E) 1-E|OXYGEN-E|BOC|1-E
140004-2-8-7|MAPRESS 28MM STRAIGHT COUPLING STAINLESS STEEL M 32005|036-ES1-27155-080|MAPRESS|32005
ELECTRICAL-1-A-C|Mersen FUSE 50 A 22 X 58MM R214122J|5680-200.04.139|Mersen|R214122J
00-5-F-E|MULTIVAC NEEDLE SLEEVE 78532012020 78532012020|PKZ-0000851|MULTIVAC|78532012020
ALL-2-D-4|SKF BEARING 6001 2RS 6001 2RS 6001-2RSH:SKF|PKZ-0000066|SKF|6001-2RSH:SKF
ALL-1-5-A|FESTO 186163 T PIECE M CENT. LEG QST-G1/4-10* 186163|PKU-10003511|FESTO|186163
ALL-F-0-9|JENTON 0400-00 BEARING -SELF ALIGN. CONVEYOR 0400-00|PKU-10009746|JENTON|0400-00
ALL-0-3-7|MEYN POULTRY sorting shackle 0990.H047.011.00|PKL-10000733|MEYN POULTRY|0990.H047.011.00
00-9-3-C|LEGRAND Legrand 63VA Panel Mount Transformer, 23 0 428 41|PFT-ELE-2571|LEGRAND|0 428 41
00-D-F-C|SKF BEARING 6207 URSCHEL 6207-2RS1|P83-POW-01520|SKF|6207-2RS1
AIR MOTOR-8-B-7|DOTCO Air motor for anvil trimer[manfcode=UWA8 UWA84499|CSA-1131X|DOTCO|UWA84499
00-6-6-1|PHARMAWORKS VALVE, AIR INDIVIDUAL, AIR PILOT. PART N 90951800000|PEY-126469|PHARMAWORKS|90951800000
00-9-E-4|PHOENIX Digital inputs IB IL 24 DI 32/HD PHOENIX 28 60 78 5|CJL-76122125|PHOENIX|28 60 78 5
SOCKET-C-0-4|SNAP-ON TOOLS SOCKET: 15MM X 3/8 SLEEVED SOCKET - S/OKS3168|PG7-89480162|SNAP-ON TOOLS|S/OKS3168
00-A-A-3|IFM SENSOR: IFM IFW204 M12 SENSOR IFW204|CJL-76146676|IFM|IFW204
PUNCH-3-7-B|AWP PUNCH: PUNCH L320 SB566 AWP FEP06120YP26.1W20.1|PG8-64558447|AWP|FEP06120YP26.1W20.1
00-E-6-C|IGUS RING: SLEWING RING PRT-01-50-1 PRT-01-50|CJL-77052914|IGUS|PRT-01-50
LOCTITE-1-2-C|HENKEL LOCTITE ADHESIVES LOCTITE: LOCTITE 55 THREAD SEAL 270153|PG8-2211050A|HENKEL LOCTITE ADHESIVES|270153
00-5-B-5|ANDRON RAIL: LINEAR RAIL 25MM 20842-12-D122|CJL-77052913|ANDRON|20842-12-D122
BELT-7-9-E|CONTITECH BELT: V BELTS SPA-1320 CONTITECH SPA SPA 1320|PG7-20281501|CONTITECH|SPA 1320
ALL-A-F-1|TUNKERS LEVER: RIGHT HAND CLAMP LEVER TUNKERS 350405|CJL-77272644|TUNKERS|350405
00-9-F-8|WDS BOLT: INDEX, SPRING LOADED M10 X 1.0 846-201|CJL-77054519|WDS|846-201
00-2-4-3|BOBST UK & IRELAND LTD SPROCKET 0460301700 0460301700|CSA-11082816|BOBST UK & IRELAND LTD|0460301700
STRAP-0-C-E|HD VINCE LTD STRAP: 200A 10 DIA X 15. INTEGRAL FLAT BK45/345|CJL-76138637|HD VINCE LTD|BK45/345
00-A-5-4|BOBST GLUE SCRAPPER WHITE 70X1530MM (ASI-0306) 1.990.28.101|PK3-000000074|BOBST|1.990.28.101
00-5-B-5|BROTHER 18MM BLACK ON BLUE TZ-541 LAMINATED TAPE TZE-541|PBH-TAP-00106|BROTHER|TZE-541
ALL-F-E-2|ALBE UK LTD TUNGSTEN CARBIDE TOOL BLANKS TD 8557/1 N/A|PBH-CUT-06340|ALBE UK LTD|N/A
00-7-B-7|SEW DRIVE BELT SEW VARIATOR 17 X 6 X 630 122165|CPR-8026660|SEW|122165
00-C-8-7|BYSTRONIC NOZZLE LASER 10031882|PHV-10239680|BYSTRONIC|10031882
00-5-E-7|SKF BELT TOOTHLESS SPZ1500E SPZ1500 SKF|PHV-10249813|SKF|SPZ1500 SKF
00-8-0-9|SIEMENS FUSE BOTTLE DIAZED 100A 500VAC SIEMENS 5SC221|PHT-ELE-01260|SIEMENS|5SC221
00-8-1-6|TELESIS MAIN BOARD TELESIS 42422 42422|CJL-76143371|TELESIS|42422
ALL-C-C-3|SMC 8MM BLACK PLASTIC PUSH IN PNEUMATIC BLAN KQ2P-08|PHA-PNE-01190|SMC|KQ2P-08
00-E-C-A|NORGREN SOLENOID COIL 220/240V 5.0VA 19J NORGREN QM/48/19J/28|GRGS002943|NORGREN|QM/48/19J/28
00-F-9-B|SNR BEARING SNR MJ1 F.49.07 MJ1  F.49.07|GRGS002416|SNR|MJ1  F.49.07
00-3-E-3|SMC SMC REED SWITCH D-Z73Z D-Z73Z|CPR-8052857|SMC|D-Z73Z
00-B-3-6|IFM ELECTRONIC LTD S/W  PROX IE5072 1E-3001-BPOG EFFECTOR IE5072|CKE-008495|IFM ELECTRONIC LTD|IE5072
00-1-1-F|BOSCH PACKAGING TECHNOLOGY LTD Ring RTND Internal1.56  Doboy 194650 194650|CPR-8061807|BOSCH PACKAGING TECHNOLOGY LTD|194650
ALL-2-9-0|MAN ROLAND transferter cam follower pin 005A668330|PK3-000002942|MAN ROLAND|005A668330
00-C-2-F|R165932128 CARRAIGE GUIDE R165932128 BOSCH REXROTH BOSCH REXROTH|CJL-91001270|R165932128|BOSCH REXROTH
00-F-C-9|CROMWELL M10 x 1.0 PRE WIND HELICOIL INSERTION TO ZZ000601260197|PKC-10262518|CROMWELL|ZZ000601260197
ALL-2-4-A|FESTO REGULATOR: FILTER. MS6-LFR-1/2-D7-E-U-V- 529194|CJL-91000183|FESTO|529194
00-D-1-A|GE POWER CONTROLS FUSE 10A   NIT10 NIT10|CPR-8013173|GE POWER CONTROLS|NIT10
00-9-6-4|ARROW BOX(5000) 3/8in ARROW T50 STAPLES ARROW-506-3/810MM|99095|ARROW|ARROW-506-3/810MM
00-5-C-E|HABASIT P25 OVERHEAD INCLINE BELT T08/U/HG BL/ZD T08/U/HG BL/ZD|CPR-8050444|HABASIT|T08/U/HG BL/ZD
00-F-3-4|UNI-VALVE A/S SEAL KIT S70 DN32 UNIVALVE 317010032M|CCA-1533109|UNI-VALVE A/S|317010032M
00-6-C-3|WOMA NOZZLE CARRIER HEAD NO 160.1836 WOMA-160.1836|CCA-1526989|WOMA|WOMA-160.1836
00-C-5-8|BALLUFF SWITCH,PROXIMITY:BES516.325.G.E5.C.S49 BES 516-325-G-E5-C-S49|PCH-10144103|BALLUFF|BES 516-325-G-E5-C-S49
00-3-B-D|METALWORK COIL METALWORK W0215000101 W0215000101|GRGS002877|METALWORK|W0215000101
00-A-E-D|FORUM Schneideisen, metrisch EN22568 HSS M4 4317784821612|PK4-000002463|FORUM|4317784821612
00-F-F-A|TRACKFIT ROLLER LOAD LINK WITH CHAIN DOG 559102 559102|PCH-10208094|TRACKFIT|559102
00-7-7-5|TELEMECHANIQUE CABLOFIL FTX MOUNTING BRACKET (DEMAND IT 586180|PCH-NP999871|TELEMECHANIQUE|586180
00-0-E-5|MAHLE PANEL MNT METAL HOUSING SIDE ENTRY 3A 09 09 20 00 30 801|PK3-000004576|MAHLE|09 20 00 30 801
00-1-C-4|PARKER 32MM 90DEG ELBOW IP66 BLK CABLE CONDUIT ALWD-M329|PK3-000004635|PARKER|ALWD-M329
00-8-5-B|ABB 2 POLE 0.5 A MCP 2DCS27001R0984|PK3-000005972|ABB|2DCS27001R0984
00-7-B-2|BOBST CHAIN 0641 0000 GT|PK3-00006396|BOBST|0641 0000 GT
00-D-3-6|WANDFLUH SOLENOID VALVE AM4Z62B WANDFLU(WEB-7621) AM4Z62B|PK3-000003977|WANDFLUH|AM4Z62B
ALL-B-D-2|SUNX SENSOR GSM2RS SUNX   OLD MATER(PRI-5665) GSM2RS|PK3-000002610|SUNX|GSM2RS
00-9-D-4|STANLEY WRENCH ADJUSTABLE 150MM LG ROEBUCK 81135 STA087366|PCH-10187856|STANLEY|STA087366
00-F-D-8|SNAP ON TOOLS BAR PRY SNAP-ON INDUSTRIAL TBA 2050|PCH-10187708|SNAP ON TOOLS|2050
00-6-D-C|ROCOL FLAM-CAB DETECTOR ROCOL LEAK DETECTOR 30 32030|PCH-10192242|ROCOL|32030
ALL-5-5-6|SKF (U.K.) LIMITED BEARING A15016Q-20 6316/C3|PKJ-P229|SKF (U.K.) LIMITED|6316/C3
00-8-D-2|GARDENER DENVER SEAL, KIT, TANK UNIT, TODO 2 1-6104-47|506723|GARDENER DENVER|1-6104-47
00-7-5-3|SOCO ARM SET -50  2' 307890632|PKJ-P2477|SOCO|307890632
00-4-D-A|ZAMBELLI LIMITED PHOTOCELL 90?30CM S51-PR-5-CO1 PK 33410941|PDX-E395975|ZAMBELLI LIMITED|33410941
ALL-E-3-0|KRONES 0-169-60-563-9 V Ring PNAP 40x50x7 SL1 0-169-60-563-9|PDX-E410003|KRONES|0-169-60-563-9
00-5-C-5|BSS Samson 3241-7 Valve & 3277 Pneu Actuator 67096067|PDX-E523043|BSS|67096067
ALL-B-C-8|TOMRA P0101516 Bearing Housing (Brush washer) P0101516|PDX-E511095|TOMRA|P0101516
00-C-A-F|TELEMECANIQUE Switch Limit Telemec R/ Lever RS-4473547 XCKT2118P16|MI0008017429|TELEMECANIQUE|XCKT2118P16
00-2-2-2|KOSME KOSME SPRING 50531437 L04737001 50531437|PDX-E414901|KOSME|50531437
00-A-1-8|DANFOSS DANFOSS INVERTER 131B0038 2.2Kw 131B0038|PDX-E394705|DANFOSS|131B0038
ALL-1-B-B|FK M8 Aero Nut SS AUROTIGHT/ PHILLIPS|PDX-E013650|FK|AUROTIGHT/ PHILLIPS
00-B-E-0|SICK S10-MA-5-C01-NL DATALOGIC SENSOR SICK MHT15-N3317V|PDX-E087062|SICK|SICK MHT15-N3317V
00-C-9-D|FESTO GE18 THROTTLE SILENCER FESTO 10351|PDX-E400600|FESTO|10351
00-0-7-E|ZAMBELLI LIMITED 011740407 SILI GUM SL3 ZAMBELLI 11740407|PDX-E409005|ZAMBELLI LIMITED|11740407
00-7-4-D|TIMKIN Timkin 62205-2RS Ball Bearing 62205-2RS|PDX-E522732|TIMKIN|62205-2RS
00-9-0-0|BSS 2 MARS FIG 77SN SPARES REPAIR KIT 6970456|PDX-E522156|BSS|6970456
00-C-A-4|ZAMBELLI LIMITED 055540239 TORS SPRING SL3 ZAMBELLI 55540239|PDX-E409100|ZAMBELLI LIMITED|55540239
ALL-D-2-1|OMRON POWER SUPPLY 24Vdc OMRON S8TS06024E1 S8TS-06024-E1|PDX-E394955|OMRON|S8TS-06024-E1
00-F-8-1|NORGREN COIL 110V NORGREN QM/48/18J/28 NOR-QM/48/18J/28|PDX-E395065|NORGREN|NOR-QM/48/18J/28
ALL-4-9-0|WATSON MARLOW P.T.F.E. O RING BS335 LINE 4 FILLER MSC040050|PDX-E393610|WATSON MARLOW|MSC040050
00-1-3-B|FESTO Festo 150848 SMEO-1-S-LED-24B Sensor 150848|PDX-E414398|FESTO|150848
ALL-4-5-7|FOOD TECHNOLOGY 199AFPA091 Sealing ring DN25 (FTNON) 199AFPA091|PDX-E510765|FOOD TECHNOLOGY|199AFPA091
00-E-6-F|HIRSCHMANN RS2906556 CONNECTOR KOSME 933175100|PDX-E410710|HIRSCHMANN|933175100
00-0-D-A|NORGREN 10MM-8MM PLUG IN REDUCER NOR-C00201008|PDX-E386635|NORGREN|NOR-C00201008
00-A-6-D|FREUDENBERG SEALS Rotary Shaft Seal 35x72x10mm 40413788|PDX-E522684|FREUDENBERG SEALS|40413788
00-8-3-A|BSS BRASS GAUGE COCK 3/8 BSP COCGC-010 22030413|PDX-E401160|BSS|22030413
00-5-8-F|FRISTAM 0428632034 IMPLELLER FRISTAM FPE3522 2004708|PDX-E408765|FRISTAM|2004708
ALL-F-3-E|FOOD TECHNOLOGY 195ELJUA14 PT100 902030 (FTNON) 195ELJUA14|PDX-E510775|FOOD TECHNOLOGY|195ELJUA14
ALL-7-0-D|THOMAS HILL ENGINEERING MB2010DUB Brass Liners MB2010DUB BRASS LINERS|PDX-E522682|THOMAS HILL ENGINEERING|MB2010DUB BRASS LINERS
ALL-4-E-B|SIEMENS 6EP1437-3BA00 Sitop Modular Power Supply 6EP1437-3BA00|PDX-E522640|SIEMENS|6EP1437-3BA00
00-4-D-E|SYSTEMPLAST SPROCKET KUS820T23R30 12393-SYSTEMPLAST|PDX-E401890|SYSTEMPLAST|12393-SYSTEMPLAST
00-5-9-C|RS PRO SWITCHKEY RS4393019 439-3019|PDX-E396860|RS PRO|439-3019
ALL-C-D-0|KRONES 0-902-99-748-9 PRESSURE TRANSMITTER 0-902-99-748-9|PDX-E522197|KRONES|0-902-99-748-9
00-4-3-7|RS PRO Coin Cell LR44 593-423|PDX-E029514|RS PRO|593-423
ALL-F-A-4|MOTOVARIO Motovario NMRV 050 - TS71B6 TS71B6 6402923-070 NMRV 050|PDX-E414945|MOTOVARIO|TS71B6 6402923-070 NMRV 050
ALL-6-6-E|OMRON ELECTRONIC COMPONENTS 5 PIN RELAY 24V 10A SPCO RS 366-265 G2R-1 24DC|PDX-E387545|OMRON ELECTRONIC COMPONENTS|G2R-1 24DC
00-7-9-7|PTP A42 VEE BELT A42|PDX-E400975|PTP|A42
00-0-0-B|SPRAYING SYSTEMS LTD Nozzle PROMAX Orange Spraying systems QPHA-5.6W|MI0008017242|SPRAYING SYSTEMS LTD|QPHA-5.6W
00-0-5-E|ROCKWELL AUTOMATION PLC SLC500 Input Analog AB 1746-NI4 1746-NI4|MI0008003996|ROCKWELL AUTOMATION|1746-NI4
ALL-5-1-7|ZALKIN 236169 Bush Zalkin SL1 236169|PDX-E414932|ZALKIN|236169
00-2-2-9|PTP V BELT B1775 B70|PD4-POW-13630|PTP|B70
00-B-1-5|FIBET FIXED HEIGHT FOOT FIBET 4030VE23-60 4030VE23-60|GRGS012303|FIBET|4030VE23-60
00-2-5-1|SIEMENS PLC MODULE 8INPUT 24V DC 100X45X75MM SIE 6ES7231-4HF32-0XB0|PD4-ELE-36070|SIEMENS|6ES7231-4HF32-0XB0
00-2-8-C|P&F FORKED SENSOR PEPPERL+FUCHS SJ5-N SJ 5-N|PDX-E380805|P&F|SJ 5-N
ALL-C-D-0|ENDRESS Q 2022481245 ENDRESS & HAUSER LIQUIPHANT M FTL51H-ATE FTL51H-ATE2BC2G4A|PDX-E520450|ENDRESS Q 2022481245|FTL51H-ATE2BC2G4A
00-2-C-F|ERWIN SICK ES1019704 SICK EW11-B560 PHOTOCELL WL11G-2B2531|PDX-E404045|ERWIN SICK|WL11G-2B2531
00-3-8-D|CONTITECH TIMING BELT HTD 3150 14M40 RINSER 3150-14M-40-CONTITECH|PDX-E395845|CONTITECH|3150-14M-40-CONTITECH
00-3-F-C|POWERGRIP Timing Belt 630H100 147 526 4DS|PDX-E522454|POWERGRIP|147 526 4DS
ALL-D-D-3|LOCTITE Loctite 406 Superbonder 20g LOC7255008J|PDX-E021680|LOCTITE|LOC7255008J
00-D-2-0|DURHAM BOX CO LTD BOX202050A/A 310X310X147 BOX202050A/A|PCH-10192558|DURHAM BOX CO LTD|BOX202050A/A
00-7-6-A|NA SCREW HEX HEAD M20 X 100MM BZP NA|CQ4-SCRE2053|NA|NA
00-A-5-6|TELCO LIGHT TRANSMITTER DOSING BIN LT-110L/EX- LT-110 L/EX-TS38-15|CQ4-TRAN1016|TELCO|LT-110 L/EX-TS38-15
00-D-5-9|ABB CIRCUIT BREAKER 22A ABB LNA32 ABB AC0040 AC00409661|CQ5-94900110|ABB|AC00409661
00-2-B-0|TELEMECANIQUE LEGEND P[LATE START ZB2 BY2303 TELEMECAN ZB2 BY2303|CQ5-55502927|TELEMECANIQUE|ZB2 BY2303
00-2-4-9|GRUNDFOS SEAL SHAFT GRUNDFOS CR30-30 345122 GRUND 345122|CQ5-8300026|GRUNDFOS|345122
00-5-B-4|CHALLENGE TAPERLOCK,BUSH, 2525-50MM CHALLENGE 2525 2525 50MM|CQ5-55500598|CHALLENGE|2525 50MM
00-1-4-8|PILZ SAFETY RELAY PNOZ 3/24V DC/5S+10 1W PILZ 474894|CQ5-61200057|PILZ|474894
00-2-2-7|ABS PUMPS INC PUMP,SUBMERSIBLE,P41 Z6150-V-2264|CND-50538783|ABS PUMPS INC|Z6150-V-2264
00-4-D-5|SKF BEARING PILLOW SYT 40 LTS {LINE 1 2002 A SYNT 40 LTS|CQ5-81300154|SKF|SYNT 40 LTS
00-3-4-3|FAN SEPARATOR PLATE PROTECTIVE 3 X 200 X 111MM FAN SEP F10143120|CQ5-55500698|FAN SEPARATOR|F10143120
00-C-2-B|GRECON COIL SOLENOID 24V GRECON 561462 GRECON 5 561462|CQ5-600070|GRECON|561462
00-B-C-C|PARKER VALVE HYDRAULIC R4R06 595 12 B1 (016 863 R4RPIXX-00512B1BSP10|CQ5-27700121|PARKER|R4RPIXX-00512B1BSP10
00-2-B-B|SKF Drive Belts, SPZ2120 SPZ2120 SKF|PFO-10001652|SKF|SPZ2120 SKF
00-5-F-E|GENERIC M12 X 40 A2 REPAIR WASHERS STAINLESS STE GENERIC|PFO-1010628|GENERIC|GENERIC
00-1-A-7|GENERIC M5 NYLOC NUT T TYPE ZINC PLATED GENERIC|PFO-1010544|GENERIC|GENERIC
00-A-E-C|GENERIC M16 X 80 HEX HEAD BOLT ZINC PART THREADE GENERIC|PFO-1010830|GENERIC|GENERIC
00-C-4-F|SKF V Ring Hsng Seal x2, TSN517A:SKF TSN517A SKF|PFO-10003482|SKF|TSN517A SKF
00-E-B-A|COMAT RELAY 24V 14 PIN FLAT COMAT 1960-001-393 C91DL/CD24VAU|CQ5-60900388|COMAT|C91DL/CD24VAU
00-C-2-7|SCHNEIDER CONTACTOR 4KW 24V DC LC1D093BD SCHNEIDER LC1D093BD|CQ5-90500031|SCHNEIDER|LC1D093BD
00-7-0-6|SMC SOLENOID ASSEMBLY 24VDC SMC AXT511C-3 SM AXT511C-3|CQ5-55502177|SMC|AXT511C-3
00-8-8-7|SKF BEARING 6010 2RS DIEFFENBACHER NO.9-0800 6010-2RS1|CQ5-81100155|SKF|6010-2RS1
00-6-7-1|VALMET SPRING VAL0160069 VALMET VAL0160069 VAL0160069|CQ5-20300101|VALMET|VAL0160069
00-9-D-E|SKF BEARING 1209KTVC3 45X85X19 SKF 1209 EKTN 1209 EKTN9/C3|CQ5-81100078|SKF|1209 EKTN9/C3
00-7-0-D|URSA URSA SUPER LA15W40 OIL FOR THE 803180DEE|CQ4-OIL 006|URSA|803180DEE
00-1-1-B|PHOENIX RELAY SOCKET 24VDC PLC-BSC-24DC/21 PHOEN 29 66 016|CQ5-55502962|PHOENIX|29 66 016
00-4-4-2|KSB SHAFT KSB NG15/11 2R 47085732 KSB 470857 47085732|CQ5-21400019|KSB|47085732
00-1-6-3|DIEFFENBACHER PIN SPLIT 3.2 99-2628-00-20-00 DIEFFENBA 99-0400-68-82-00|CQ5-FMNS0040|DIEFFENBACHER|99-0400-68-82-00
00-1-2-D|SCHNEIDER ALARM SWITCH MCB 3A 415V SCHNEIDER 26927 26927|CQ5-55500805|SCHNEIDER|26927
00-6-1-1|GENERIC M12 FORM A WASHERS A2 STAINLESS STEEL GENERIC|PFO-1010581|GENERIC|GENERIC
00-0-6-A|NKE BEARING LJ 1 3/8  RLS10 LJ1.3/8|PFO-1013652|NKE|LJ1.3/8
00-5-0-7|SKF Drive Belts, A26 A26 SKF|PFO-10001591|SKF|A26 SKF
00-B-0-9|TBC 1 HOSE TAIL S/STEEL TBC|PFO-10000065|TBC|TBC
00-E-D-B|SKF BEARING 3305 A-2RS1TN9/MT33 3305A-2RS1TN9/MT33|PFO-1013584|SKF|3305A-2RS1TN9/MT33
00-9-6-2|HYDRONORMA VALVE HYD DBDS10K18/400 (DIEFFENBACHER N DBDS10K18/400|CQ5-27700212|HYDRONORMA|DBDS10K18/400
00-4-B-1|VYNCKIER CIRCUIT BREAKER 63A 2 POLE 415V VYNCKIER SERIE G 63A|CQ5-55500884|VYNCKIER|SERIE G 63A
00-1-A-F|SKF Bearing NU 310[manfcode=1116 4268 00][ma NU310|CSA-13010199|SKF|NU310
00-0-A-9|CRESCENT P-Tape CTZE231 CTZE231 185.873|PHS-SE18041|CRESCENT|CTZE231 185.873
00-F-9-D|JUBILEE Jubilee Superclamp Mild Steel 253-265mm 253-265|PFO-1010948|JUBILEE|253-265
00-F-1-7|HANDTMANN SHAFT BEARING BOTTOM 857944|PH8-10002090|HANDTMANN|857944
00-3-7-0|DRR SYSTEMS GMBH APT DURR: 3/2 WAY SOLENOID VALVE 2-F.NC LP04 M54210090|CJL-77267877|DRR SYSTEMS GMBH APT|M54210090
00-3-5-E|SKF SIMPLE LINK ST.ST. 8MM 05B-1SS-NO26 05B-1SS-C/L-*SKF|PAJ-77912|SKF|05B-1SS-C/L-*SKF
00-0-5-2|SHERWOOD DRILL JOBBER - 11.00 SHR0250177M|CSA-99022147|SHERWOOD|SHR0250177M
00-1-1-E|LISEC (UK) LTD TYRE COVER TRANSPORT ROLLER 57 X 80 7436304|7436304|LISEC (UK) LTD|7436304
00-E-0-8|TRACKFIT CHAIN CATERPILLAR TYPE T500 554294 554294|PCH-10208199|TRACKFIT|554294
00-1-A-0|STANLEY ENGINEERED FASTENING SPRING: ROTARY PRESSURE 3. M094103 M094 103|CJL-76410739|STANLEY ENGINEERED FASTENING|M094 103
00-D-C-5|MOELLER SWITCH SPRING LOADED M22-WKV|PRE-10001412|MOELLER|M22-WKV
00-3-6-7|OILITE BRASS BUSH 26 OD 20ID 20MM LGTH OBM202620|GRGS002679|OILITE|OBM202620
ALL-1-7-2|SLS NEEDLES NON STERILE SERUM NO 1 SYR5242 SYR5242|CMC-S0565567 LAB S|SLS|SYR5242
00-9-5-A|NORGREN SXE0575-A50-00/18J , SXE0575-A50-00/18J SXE0575-A50-00-18J|PFO-10001272|NORGREN|SXE0575-A50-00-18J
00-D-5-5|IFM PROXY SWITCH: 20MM RANGE INDUCTIVE IM5124|CJL-76125743|IFM|IM5124
ALL-3-F-8|ADRAY PLASTICS L405 / 494 REAR LH 2 PIECE BLOCK LARGE L405 / 494 REAR LH 2 PIECE ALU|CJL-77267509|ADRAY PLASTICS|L405 / 494 REAR LH 2 PIECE ALU
ALL-1-F-C|PROSEAL GT1 Arm Plate Location Bushes. Stainless Z00093|PFT-FAS-0022|PROSEAL|Z00093
00-B-F-D|SIEMENS Micromaster 4 Advanced Operator Panel (A 6SE6400-0AP00-0AA1|PFO-10005045|SIEMENS|6SE6400-0AP00-0AA1
00-D-A-4|ARCO ESSENTIALS Safety Shoe Black S2 Size 6 665106|CPR-9000112|ARCO ESSENTIALS|665106
00-A-9-A|HARTING Connector Bulk Hd Mt Harting 09300160301 9300160301|CPR-8062691|HARTING|9300160301
00-A-9-6|IMA BUSHING PA1080378 PA1080378|PHS-SE15713|IMA|PA1080378
00-F-D-0|ALEXANDERWERTH SEAL,RING,SIDE,145664 145664|PHS-SD89961|ALEXANDERWERTH|145664
00-5-A-9|BOBST TRIGGER POINT CIRCUIT 701KZ|65-30-0024|BOBST|701KZ
00-0-D-0|THORITE LTD HOSE AIR 6MMIDX8MMODX30MLG PTFE FTK-TPTP TPTPE08-060|PCH-10188617|THORITE LTD|TPTPE08-060
00-9-F-F|BILWINCO Centre cone leaf spring 011A5592|P87-OEM-06530|BILWINCO|011A5592
00-4-C-0|JAYLOW 3183YA1.5Y100 3183Y 1.5mm 3183YA1.5Y100|PFO-10000252|JAYLOW|3183YA1.5Y100
00-0-9-D|ABB MOTOR 3 PHASE IP55 220-480V 50-60HZ 1410 M2AA80D 3GAA082214-BSE|PRE-10003604|ABB|M2AA80D 3GAA082214-BSE
00-E-E-D|GE POWER CONTROLS DIN RAIL ADAPTOR 414 - 213 RS COMP DIN-20-32|GBC-ELE-0238|GE POWER CONTROLS|DIN-20-32
ALL-3-7-6|TC LTD THERMOCOUPLE SIMPLEX TYPE K TC LTD TYPE K|CJL-85000757|TC LTD|TYPE K
00-B-A-2|KENNEDY WRENCH COMBINATION 10MM KENNEDY 582-261 KEN5822610K|PCH-10187563|KENNEDY|KEN5822610K
00-7-A-B|ANDRON SPITFIRE CLAMP GUIDE 20668-01-D343-LH|CJL-77050374|ANDRON|20668-01-D343-LH
00-8-0-7|V INSTALLATIONS PLUMMER BLOCK SNL513-611|CJL-77050072|V INSTALLATIONS|SNL513-611
00-0-7-E|ECS CONTRAST PLATE 629.600.A09|CJL-77049934|ECS|629.600.A09
ALL-A-B-0|SCHENCK CLICK-STOP PLATE SCHENCK B043664.01 B014256.01|CJL-96000040|SCHENCK|B014256.01
ALL-F-7-B|DURR DRIVE WHEEL ASSY 100450347 DURR 100450347|CJL-83001996|DURR|100450347
ALL-2-3-9|TUCKER CLAMP BLOCK M177 384 M177 384|CJL-76409629|TUCKER|M177 384
ALL-7-B-5|ERVOR GASKET KIT BP  8970381 ERVOR 8970381|CJL-86000814|ERVOR|8970381
00-1-5-8|TED SHACKLE,DEE,SS,SSD/10 MTL9784350K|PHS-SC52580|TED|MTL9784350K
00-7-0-B|GLACIER Bush DU3020 TFP3020|CPR-8040662|GLACIER|TFP3020
00-0-B-4|RENOLD ACCUGLIDE CONNECT LINK C2050NO.26-RENOLD C2050NO.26|CPR-8027144|RENOLD|C2050NO.26
00-6-5-9|AMRI STAR DRIVE FOR ACTAIR 3 1.95064E+006|CCA-1528134|AMRI|1.95064E+006
00-8-3-C|FORBO BELT 8165X80 E12/2UOG20AR NOW E 8/2 U0/V 906764|CQ5-51100013|FORBO|906764
00-F-2-D|PHOENIX CONTACTOR 24V PHOENIX C/W COIL 2967620 P 2967772|CQ5-93400008|PHOENIX|2967772
00-5-A-9|MULTIVAC HEATING ELEMENT TUBULAR 2DA MULTIVAC MUL MUL-19188101069|CT7-80025558|MULTIVAC|MUL-19188101069
00-5-9-A|UNISTRUT GALVANISED JACK CHAIN NO.10, UNISTRUT, P P2785/6|PTX-1001488|UNISTRUT|P2785/6
00-5-4-4|SICK SICK SENSOR PROXY NT6-03022 1005822 SICK NT6-03022|CBU-556862|SICK|NT6-03022
00-E-D-9|FESTO Festo H22-SW H22-SW|P79-PNE-00420|FESTO|H22-SW
140004-5-3-D|FSB BEARING UC205 UC205|P81-POW-07440|FSB|UC205
00-B-9-D|ZZZCUSTPO Piston Set SCA DIRECT|GBO-680-030|ZZZCUSTPO|SCA DIRECT
00-C-1-1|Broyce Control Engineering TIMER, 1 SEC ON PULSE, 0.5-10sec, SPDT M1EIN 24VAC/DC/230VAC .5-10SE|510428|Broyce Control Engineering|M1EIN 24VAC/DC/230VAC .5-10SE
ALL-4-E-8|RS COMPONENTS BLANKING PLUG M16 406-9306|P83-ELE-07779|RS COMPONENTS|406-9306
00-E-6-5|STANLEY ENGINEERED FASTENING KIT HOUSING DDC Z290 006 Z290 006|CJL-76408198|STANLEY ENGINEERED FASTENING|Z290 006
00-3-3-C|244-945 VALVE 8 BAR 244-945|GRGS010265|244-945|244-945
00-6-B-E|ALLEN BRADLEY BLOCK-CONT:AUX,100FA11,1NO/1NC,FRONT MTD 100FA11|CST-C0358050903070|ALLEN BRADLEY|100FA11
00-3-8-4|TE CONNECTIVITY 10MM IDSIDE ENTRY CONNECTOR HOOD TE CON 1-1102289-6|PMZ-1008275|TE CONNECTIVITY|1-1102289-6
00-C-0-E|MONOPUMP (W35023750R4) OIL SEAL 00D701350|42-20-0133|MONOPUMP|00D701350
00-4-8-9|AEG TURNBUCKLE: AEG 59222632 59222632|CJL-77272499|AEG|59222632
00-9-1-A|DALMEC VALVE: IMPULSE PREFERENTIAL VALVE D4 00.79.0128|PGM-19240159|DALMEC|00.79.0128
00-E-2-3|ACORN HaIoila motor KAF19DDRS71S4/MM03 KAF19DDRS71S4/MM03|P29.CSA-11413828|ACORN|KAF19DDRS71S4/MM03
00-6-6-A|NEWLEC LGT FTNG-LOW-BAY:80W,LED,LBW1C1D-EU,100- RXL-IND165-C10 13000LM 100W HI|CST-80112567|NEWLEC|RXL-IND165-C10 13000LM 100W HI
00-A-2-0|CORDELLE IND BRACKET: BANANA BRACKET LONG CORDELLE M9701|PGM-90427162|CORDELLE IND|M9701
00-B-2-E|BHS BODY FOR JOHNSON JOINT 32501L2|43-40-0007|BHS|32501L2
SPRING-B-0-C|BOBST COMPRESSION SPRING MACH=BOBST|44-99-0081|BOBST|MACH=BOBST
SWITCH-7-2-B|DIG 250V 15A TOK/DRUM SWITCH FOR ZLM/ZLR MACH=FLEXO|76-99-0012|DIG|MACH=FLEXO
00-9-4-A|NORELEM NORMELEMENTE KG CYL HEAD SCREW NLM 07534-20X50 B31257196|CJL-10006399|NORELEM NORMELEMENTE KG|B31257196
00-7-7-B|FESTO PLUG SOCKET 177617|CJL-10003599|FESTO|177617
00-A-6-1|IMO POWER SUPPLY 24VDC 18W IMO DPS-1-018-24 DPS-1-018-24|PT6-80014381|IMO|DPS-1-018-24
00-5-F-2|DRAGON (BLACKWELL) HYDRAULICS Ref. BH07525 Hose BH 07525|GBO-310-122|DRAGON (BLACKWELL) HYDRAULICS|BH 07525
00-A-3-0|FLO-MECH 0301039 Gate (Zacmi) 0301039|PDX-E510830|FLO-MECH|0301039
00-E-4-7|CAMFIL Filter Panel 596 x 596 x 47mm PPHC2.2424|CBS-204390|CAMFIL|PPHC2.2424
ALL-0-4-0|REKOFA MODULE: SURFACE SLIPRING MODULE. CONTACT F 2247 (1447890)|CJL-77266544|REKOFA|F 2247 (1447890)
00-0-4-4|LEGRIS PNEUMATIC STRAIGHT ADAPTER 6MM PUSH IN L 3806 06 00|PMZ-1008228|LEGRIS|3806 06 00
00-7-A-7|RS PRO RED PIGGYBACK CRIMP, RS PRO, 534-367 534-367|PTX-2801|RS PRO|534-367
00-4-7-D|SUNVIC SIMMERSTAT H6 (SP ITEM) PT. NO. TYJ6303 TYJ6303|CBU-549921|SUNVIC|TYJ6303
00-8-F-0|FENNER DRIVES GEARBOX;96RPM,TYPE GM3T C/W MOTOR 803G1810D|CTS-91308134|FENNER DRIVES|803G1810D
00-2-D-D|ZIEGRA OEM-TRIPLE FINE FILTER ZIEGRA ZUK9700031 ZUK9700031|CT5-80011664|ZIEGRA|ZUK9700031
ALL-4-D-2|HENROB DIE:  DIE HENROB DF1002180H1R1.5 (0YQ) DF1002180H1R1.5 (0YQ)|PGM-90429059|HENROB|DF1002180H1R1.5 (0YQ)
00-A-C-6|SEW MOTOR: SEW MOTOR CMP63M/BK/KY/AK0H/SB1 CMP63M/BK/KY/AK0H/SB1 SN: 05.7|CJL-76147172|SEW|CMP63M/BK/KY/AK0H/SB1 SN: 05.7
00-5-7-1|RINGFLEX RINGFEEDER LOCKING ASSY NO.RFN RFN7012-1-7/16|802012|RINGFLEX|RFN7012-1-7/16
00-B-8-7|PHOENIX CONTACT CONNECTOR 25 X 23MM PHOENIX CONTACT B-10 B-10-16-46|PMZ-1008348|PHOENIX CONTACT|B-10-16-46
00-2-F-7|BROOK CROMPTON MOTOR;4KW,3000RPM,D112M,415VAC 4KW 2P WU-DA112M B3 IE2|CTS-91300291|BROOK CROMPTON|4KW 2P WU-DA112M B3 IE2
00-0-8-7|DR MARTENS DR MARTENS THORPE BOOT SIZE 9 THORPE BLACK SAFETY BOOT SZ 9|P35.PPE34|DR MARTENS|THORPE BLACK SAFETY BOOT SZ 9
00-8-6-2|FESTO FESTO ADN-100-60-KP-A-P-A / / 0833542 ADN-100-60-KP-A-P-A / / 083354|CJL-91002396|FESTO|ADN-100-60-KP-A-P-A / / 083354
00-A-C-1|SMC FILTER REGULATOR   SMC   AW40- AW40-F04DE-B|CPJ-78-58-80-114|SMC|AW40-F04DE-B
00-D-A-7|SIDEL CIRCLIP 20MM, 00000015117 15117|CCO-79249539|SIDEL|15117
00-F-4-5|AFC LEAF CHAIN 8630 10 X 55 EI - EI, EL1066 EL1066X55 AFC|PFO-10006180|AFC|EL1066X55 AFC
00-4-2-6|MK PLATE SWITCH 1 GANG TWO WAY 4170CRABTREE K4871 WHI|PGV-ELE-03610|MK|K4871 WHI
00-F-1-D|CTECH EUROPE LTD PLUSPAC 1000 IBC (1000LTR) 20-1400-50-01-0|P35.NS2010|CTECH EUROPE LTD|20-1400-50-01-0
00-9-5-8|P. GERRATT LTD NO 12 PURE YARN CLIP MOP HEAD 800.101.120|NCJ..02020|P. GERRATT LTD|800.101.120
00-2-2-3|AIRPRO HOSE REINFORCED CLEAR BLUE 12.5X18.5MM HDPVC12B|CT2-80094488|AIRPRO|HDPVC12B
00-D-2-6|SMC TRUNNION MOUNT SCM CL CG-T032|CT2-80074448|SMC|CG-T032
00-0-5-2|SIEMENS MODULE: CPU 315-2DP SIEMENS 6ES7315-2AF 6ES7315-2AF03-0AB0|CNH-116810|SIEMENS|6ES7315-2AF03-0AB0
MODULE-3-9-2|SCHNEIDER # MODULE: 16 POINT INPUT MODULE BASE 170ADI34000|PGM-2000005A|SCHNEIDER|170ADI34000
ALL-B-3-5|TIMKEN BEARING RHP 6206-2RS 6206-2RS|PKJ-P2289|TIMKEN|6206-2RS
AM02-F-9-8|EKATO o-ring  Ekato 20013288 20013288|PKG-10000769|EKATO|20013288
00-8-4-C|MADE FOR RS COMPONENTS CLAMP LEVER MALE W/BLACK HANDLE M5X20MM 478686|P74-STA-00110|MADE FOR RS COMPONENTS|478686
00-0-B-6|SKF GROOVED BALL BEARING 50X65X7 61810-2RZ|CJL-10001488|SKF|61810-2RZ
00-8-8-8|BHS SERVICES GMBH LINEAR DRIVE - 119112900 119112900|CSA-11410754|BHS SERVICES GMBH|119112900
00-4-A-1|PARKER SERIES 25 PLUG 0.5 INCH HOSETAIL LEGRIS-9085-25-13|834843|PARKER|LEGRIS-9085-25-13
00-E-2-4|TELEMECANIQUE CAT 721 BOX CONDUIT 15A A-BELCO QUOTE: 471-76178R|PHT-ELE-10780|TELEMECANIQUE|QUOTE: 471-76178R
00-A-3-6|PILZ SAFETY SWITCH PILZ PSEN 2.IP-34/2 1-10 506413|CPR-8017150|PILZ|506413
00-3-2-6|SKF AB RHP BEARING - PT NO: 1040-1-1/2G 1040-1-1/2|CND-50052725|SKF AB|1040-1-1/2
00-D-F-1|RS COMPONENTS HOLESAW 41MM 216-167|PHV-10250559|RS COMPONENTS|216-167
00-9-C-F|FINDER 250V 10A RELAY 60.13.8.230.0040|GBO-890-066|FINDER|60.13.8.230.0040
00-9-B-1|LENZE ETHERCAT BOARD EPCZEBKM3 MCETC MAC 00-0A-86-81-06-CD|PH8-10001508|LENZE|MCETC MAC 00-0A-86-81-06-CD
00-C-C-3|STANLEY ENGINEERED FASTENING DIE: SPR DIE. M260 416 M260 416|CJL-76342046|STANLEY ENGINEERED FASTENING|M260 416
00-7-2-A|CEF CABLES SY4.04C SY 4.0mm 4 Core 1950.02 SY4.04C|PFO-10001280|CEF CABLES|SY4.04C
00-1-6-3|NEWLEC STARTER LAMP 4 - 65W 240V 4-65W 240V NLFSUN1|PNB-1238284|NEWLEC|NLFSUN1
00-9-9-D|IKO CAM FOLLOWER CF8BUUR|GRGS014140|IKO|CF8BUUR
00-7-C-2|ALLEN NRADLEY closing button, grey, 800t-n1 CLOSING B 8007-N1|PLH-771405818|ALLEN NRADLEY|8007-N1
00-E-8-7|SHS PLUNGER SEAL SS687|42-99-0031|SHS|SS687
ALL-6-8-9|SEW MOTOR GEARBOX HORIZONTAL 50HZ 1380RPM 2 WA30 DRS71S4|PKJ-P4224|SEW|WA30 DRS71S4
00-F-3-7|MAREL BELT  0100-999-807041  DRIVE BELT ASSY 0100-999-807041|PKL-10000776|MAREL|0100-999-807041
ALL-1-E-C|NEUTEQ EUROPE COLLAR, INDEX NEUTEQ EUROPE 96D0124-18.0 96D0124-18.0|CJL-96001687|NEUTEQ EUROPE|96D0124-18.0
00-E-8-2|SNAP ON TOOLS WRENCH,OPEN END:15 DEG OFF SET,6-7MM,165 LTAM67|PCH-10157820|SNAP ON TOOLS|LTAM67
00-8-1-3|PEPPERL & FUCHS SENSOR, PEPPERL&FUCHS,MLV 4054G/47/67/92 MLV 40-54-G/47/67/92|PKG-EL1030051|PEPPERL & FUCHS|MLV 40-54-G/47/67/92
00-C-5-1|GRUNDFOS PUMP,NONSUBMERSIBLE CIR 230V60H (OEM HV) 59896786 PI|PKG-20536424|GRUNDFOS|59896786 PI
ALL-2-B-4|SKF RADIAL BALLBEARING 6007-2RS (35X62X14) 6 6007-2RS1-SKF|PKG-20535546|SKF|6007-2RS1-SKF
00-F-1-8|OPTIMA KUGLER Optima Kugler Cap Chuck Finger 10869976 FINGER 10869976|PKG-20536569|OPTIMA KUGLER|FINGER 10869976
ALL-2-3-5|MARKEM SMARTDATE 3M CABLE EN5564513|PKJ-P4515|MARKEM|EN5564513
00-E-7-1|RS RATCHET HANDLE M5x20 RS382-8047 479015|PKT-ENHERLAB0014|RS|479015
00-B-C-C|MOELLER GREEN FLUSH P/B M22-D-G+M22-A KM-M22-D-G+M22-A|PBH-ELE-01778|MOELLER|KM-M22-D-G+M22-A
00-5-E-6|FLEXICON FLEXIBLE CONDIUT STEEL 20MM BLACK LTP20B|PKC-10233409|FLEXICON|LTP20B
ALL-F-C-2|MAREL 0100-999-541800 CHAIN WHEEL Z18 ROLLER 0100-999-541800 CHAIN WHEEL Z1|PKT-ENMARDRE0090|MAREL|0100-999-541800 CHAIN WHEEL Z1
ALL-9-D-0|GEA 3002328 SEAL GEA 3002328|PKU-10001166|GEA|3002328
00-6-A-4|BUSSMAN ELECTRICAL FUSE AAO25 FUSE 25A BS88 BUSS AAO25|PCH-10192772|BUSSMAN|AAO25
00-6-9-1|KRONES GASKET 0-124-50-307-0 0124503070|CCA-1545913|KRONES|0124503070
00-5-4-B|GRUNDFOS KIT PWTRGENERATORGASKETEPDMCR/I/N1S/1/3/ 96455090|506148|GRUNDFOS|96455090
00-E-A-3|HARTING STRAIGHT MALE 3 POLES HARAX21021511305 21021511305|PEY-119452|HARTING|21021511305
00-4-7-1|GENERIC M10 FORM B WASHERS A2 STAINLESS STEEL GENERIC|PFO-1010592|GENERIC|GENERIC
00-D-B-6|GENERIC 16mm x 25 Hex Set, Metal Mate GENERIC|PFO-10002442|GENERIC|GENERIC
00-4-3-A|VARIOUS 20mm Conduit Elbows, Various IE20G|PFO-10002537|VARIOUS|IE20G
